{"cameraMode":{"drawMode":0,"name":"Shaded","section":"Shading Mode"},"sceneLighting":true,"audioPlay":false,"sceneViewState":{"m_AlwaysRefresh":false,"showFog":true,"showSkybox":true,"showFlares":true,"showImageEffects":true,"showParticleSystems":true,"showVisualEffectGraphs":true,"m_FxEnabled":true},"in2DMode":false,"pivot":{"x":0.029393792152404786,"y":0.9048269987106323,"z":0.013272285461425782},"rotation":{"x":-0.16556333005428315,"y":-0.7119939923286438,"z":0.1790022850036621,"w":-0.6585076451301575},"size":1.1246371269226075,"orthographic":false}