{"cameraMode":{"drawMode":0,"name":"Shaded","section":"Shading Mode"},"sceneLighting":false,"audioPlay":false,"sceneViewState":{"m_AlwaysRefresh":false,"showFog":true,"showSkybox":false,"showFlares":true,"showImageEffects":true,"showParticleSystems":true,"showVisualEffectGraphs":true,"m_FxEnabled":true},"in2DMode":false,"pivot":{"x":1.1219525337219239,"y":-0.18128639459609986,"z":-0.5218139886856079},"rotation":{"x":-0.029789289459586145,"y":0.9546981453895569,"z":-0.10236023366451264,"w":-0.2778374254703522},"size":0.6503530740737915,"orthographic":false}